{
  "AG News (4-class)": {
    "raw_embeddings": {
      "accuracy": 0.899,
      "f1_macro": 0.8985980435670402
    },
    "reconstructed": {
      "accuracy": 0.899,
      "f1_macro": 0.8985332654387175
    },
    "sparse_features": {
      "accuracy": 0.895,
      "f1_macro": 0.8945145287314663
    },
    "reconstruction_gap": 0.0,
    "feature_quality_gap": 0.0040000000000000036
  },
  "SST-2 (2-class)": {
    "raw_embeddings": {
      "accuracy": 0.8057142857142857,
      "f1_macro": 0.804636196480168
    },
    "reconstructed": {
      "accuracy": 0.8114285714285714,
      "f1_macro": 0.8102139406487232
    },
    "sparse_features": {
      "accuracy": 0.8,
      "f1_macro": 0.7993447993447993
    },
    "reconstruction_gap": -0.005714285714285672,
    "feature_quality_gap": 0.005714285714285672
  },
  "BANKING77 (77-class)": {
    "raw_embeddings": {
      "accuracy": 0.8766233766233766,
      "f1_macro": 0.8681814315239835
    },
    "reconstructed": {
      "accuracy": 0.8766233766233766,
      "f1_macro": 0.8695214542470383
    },
    "sparse_features": {
      "accuracy": 0.8701298701298701,
      "f1_macro": 0.8584145475368185
    },
    "reconstruction_gap": 0.0,
    "feature_quality_gap": 0.006493506493506551
  },
  "CLINC150 (150-class)": {
    "raw_embeddings": {
      "accuracy": 0.8409090909090909,
      "f1_macro": 0.8427117999047473
    },
    "reconstructed": {
      "accuracy": 0.8190909090909091,
      "f1_macro": 0.8261206953619411
    },
    "sparse_features": {
      "accuracy": 0.7609090909090909,
      "f1_macro": 0.7833606698987471
    },
    "reconstruction_gap": 0.021818181818181848,
    "feature_quality_gap": 0.08000000000000007
  },
  "STS-B (similarity)": {
    "raw_embeddings": {
      "spearman": 0.8809412391910879
    },
    "reconstructed": {
      "spearman": 0.8754663382154475
    },
    "sparse_features": {
      "spearman": 0.8693163610855426
    },
    "reconstruction_gap": 0.0054749009756404066,
    "feature_quality_gap": 0.011624878105545355
  },
  "SciFact Retrieval": {
    "raw_embeddings": {
      "ndcg@10": 0.6450816521455776,
      "n_queries": 300
    },
    "reconstructed": {
      "ndcg@10": 0.637691169371505,
      "n_queries": 300
    },
    "sparse_features": {
      "ndcg@10": 0.6195253943092924,
      "n_queries": 300
    },
    "reconstruction_gap": 0.007390482774072504,
    "feature_quality_gap": 0.025556257836285123
  },
  "k-Sparse Probing": {
    "k=1": {
      "accuracy": 0.19636363636363635,
      "f1_macro": 0.021876489461215
    },
    "k=5": {
      "accuracy": 0.31272727272727274,
      "f1_macro": 0.2166202099386813
    },
    "k=10": {
      "accuracy": 0.42363636363636364,
      "f1_macro": 0.37480791768717464
    },
    "k=20": {
      "accuracy": 0.5554545454545454,
      "f1_macro": 0.5466728653908394
    },
    "k=64": {
      "accuracy": 0.7136363636363636,
      "f1_macro": 0.7348610800582591
    }
  },
  "Feature Quality": {
    "mmcs": 0.8339200615882874,
    "utilization": 0.3821614682674408,
    "dead_features": 0.6178385615348816,
    "normalized_entropy": 0.8571295382435825,
    "mean_fire_rate": 0.0833333358168602,
    "median_fire_rate": 0.0,
    "max_fire_rate": 0.5351999998092651,
    "active_features": 587,
    "total_features": 1536
  }
}