{
  "AG News (4-class)": {
    "raw_embeddings": {
      "accuracy": 0.899,
      "f1_macro": 0.8985980435670402
    },
    "reconstructed": {
      "accuracy": 0.893,
      "f1_macro": 0.8925706708667651
    },
    "sparse_features": {
      "accuracy": 0.896,
      "f1_macro": 0.8955250094338197
    },
    "reconstruction_gap": 0.006000000000000005,
    "feature_quality_gap": 0.0030000000000000027
  },
  "SST-2 (2-class)": {
    "raw_embeddings": {
      "accuracy": 0.8057142857142857,
      "f1_macro": 0.804636196480168
    },
    "reconstructed": {
      "accuracy": 0.8285714285714286,
      "f1_macro": 0.8269382911392404
    },
    "sparse_features": {
      "accuracy": 0.8342857142857143,
      "f1_macro": 0.8328888010800488
    },
    "reconstruction_gap": -0.02285714285714291,
    "feature_quality_gap": -0.02857142857142858
  },
  "BANKING77 (77-class)": {
    "raw_embeddings": {
      "accuracy": 0.8766233766233766,
      "f1_macro": 0.8681814315239835
    },
    "reconstructed": {
      "accuracy": 0.8555194805194806,
      "f1_macro": 0.8440390079937622
    },
    "sparse_features": {
      "accuracy": 0.8474025974025974,
      "f1_macro": 0.8347540535715517
    },
    "reconstruction_gap": 0.02110389610389607,
    "feature_quality_gap": 0.02922077922077926
  },
  "CLINC150 (150-class)": {
    "raw_embeddings": {
      "accuracy": 0.8409090909090909,
      "f1_macro": 0.8427117999047473
    },
    "reconstructed": {
      "accuracy": 0.8072727272727273,
      "f1_macro": 0.8129562731729914
    },
    "sparse_features": {
      "accuracy": 0.649090909090909,
      "f1_macro": 0.6605316408934702
    },
    "reconstruction_gap": 0.033636363636363686,
    "feature_quality_gap": 0.1918181818181819
  },
  "STS-B (similarity)": {
    "raw_embeddings": {
      "spearman": 0.8809412391910879
    },
    "reconstructed": {
      "spearman": 0.851554184380831
    },
    "sparse_features": {
      "spearman": 0.8568651541783189
    },
    "reconstruction_gap": 0.02938705481025694,
    "feature_quality_gap": 0.024076085012769033
  },
  "SciFact Retrieval": {
    "raw_embeddings": {
      "ndcg@10": 0.6450816521455776,
      "n_queries": 300
    },
    "reconstructed": {
      "ndcg@10": 0.5603515279718198,
      "n_queries": 300
    },
    "sparse_features": {
      "ndcg@10": 0.5706195477440901,
      "n_queries": 300
    },
    "reconstruction_gap": 0.0847301241737578,
    "feature_quality_gap": 0.07446210440148748
  },
  "k-Sparse Probing": {
    "k=1": {
      "accuracy": 0.2,
      "f1_macro": 0.027154384353705877
    },
    "k=5": {
      "accuracy": 0.3236363636363636,
      "f1_macro": 0.2414180873592638
    },
    "k=10": {
      "accuracy": 0.42818181818181816,
      "f1_macro": 0.3928728678728679
    },
    "k=20": {
      "accuracy": 0.5445454545454546,
      "f1_macro": 0.549474154093557
    },
    "k=64": {
      "accuracy": 0.649090909090909,
      "f1_macro": 0.6605316408934702
    }
  },
  "Feature Quality": {
    "mmcs": 0.2997379004955292,
    "utilization": 0.7203776240348816,
    "dead_features": 0.2796224057674408,
    "normalized_entropy": 0.8004946155655603,
    "mean_fire_rate": 0.010416666977107525,
    "median_fire_rate": 0.0017999999690800905,
    "max_fire_rate": 0.6967999935150146,
    "active_features": 4426,
    "total_features": 6144
  }
}