{
  "AG News (4-class)": {
    "raw_embeddings": {
      "accuracy": 0.8833333333333333,
      "f1_macro": 0.8828092405255406
    },
    "reconstructed": {
      "accuracy": 0.8816666666666667,
      "f1_macro": 0.8809478579948835
    },
    "sparse_features": {
      "accuracy": 0.875,
      "f1_macro": 0.8741016816599875
    },
    "reconstruction_gap": 0.0016666666666665941,
    "feature_quality_gap": 0.008333333333333304
  },
  "SST-2 (2-class)": {
    "raw_embeddings": {
      "accuracy": 0.8057142857142857,
      "f1_macro": 0.804636196480168
    },
    "reconstructed": {
      "accuracy": 0.8057142857142857,
      "f1_macro": 0.8042763157894737
    },
    "sparse_features": {
      "accuracy": 0.7942857142857143,
      "f1_macro": 0.793144208037825
    },
    "reconstruction_gap": 0.0,
    "feature_quality_gap": 0.011428571428571455
  },
  "BANKING77 (77-class)": {
    "raw_embeddings": {
      "accuracy": 0.8566666666666667,
      "f1_macro": 0.8527320090616263
    },
    "reconstructed": {
      "accuracy": 0.8366666666666667,
      "f1_macro": 0.8332064736720148
    },
    "sparse_features": {
      "accuracy": 0.8366666666666667,
      "f1_macro": 0.831564232659012
    },
    "reconstruction_gap": 0.020000000000000018,
    "feature_quality_gap": 0.020000000000000018
  },
  "CLINC150 (150-class)": {
    "raw_embeddings": {
      "accuracy": 0.8409090909090909,
      "f1_macro": 0.8427117999047473
    },
    "reconstructed": {
      "accuracy": 0.8036363636363636,
      "f1_macro": 0.8091244971877862
    },
    "sparse_features": {
      "accuracy": 0.7663636363636364,
      "f1_macro": 0.7826471721933143
    },
    "reconstruction_gap": 0.037272727272727346,
    "feature_quality_gap": 0.07454545454545458
  },
  "STS-B (similarity)": {
    "raw_embeddings": {
      "spearman": 0.8809412391910879
    },
    "reconstructed": {
      "spearman": 0.8755802225617354
    },
    "sparse_features": {
      "spearman": 0.8663286764383985
    },
    "reconstruction_gap": 0.005361016629352511,
    "feature_quality_gap": 0.014612562752689406
  },
  "SciFact Retrieval": {
    "raw_embeddings": {
      "ndcg@10": 0.6450816521455776,
      "n_queries": 300
    },
    "reconstructed": {
      "ndcg@10": 0.6350581683264493,
      "n_queries": 300
    },
    "sparse_features": {
      "ndcg@10": 0.6171294828494868,
      "n_queries": 300
    },
    "reconstruction_gap": 0.01002348381912821,
    "feature_quality_gap": 0.02795216929609079
  },
  "k-Sparse Probing": {
    "k=1": {
      "accuracy": 0.1918181818181818,
      "f1_macro": 0.011660807138256594
    },
    "k=5": {
      "accuracy": 0.27454545454545454,
      "f1_macro": 0.1582309912309912
    },
    "k=10": {
      "accuracy": 0.3881818181818182,
      "f1_macro": 0.3333485218934196
    },
    "k=20": {
      "accuracy": 0.5154545454545455,
      "f1_macro": 0.5088437142620149
    },
    "k=64": {
      "accuracy": 0.7063636363636364,
      "f1_macro": 0.716403121235222
    }
  },
  "Feature Quality": {
    "mmcs": 0.20930181443691254,
    "utilization": 0.3190104067325592,
    "dead_features": 0.6809895634651184,
    "normalized_entropy": 0.8268366976378274,
    "mean_fire_rate": 0.0833333358168602,
    "median_fire_rate": 0.0,
    "max_fire_rate": 0.9066666960716248,
    "active_features": 490,
    "total_features": 1536
  }
}