{
  "AG News (4-class)": {
    "raw_embeddings": {
      "accuracy": 0.8916666666666667,
      "f1_macro": 0.8909184002407555
    },
    "reconstructed": {
      "accuracy": 0.895,
      "f1_macro": 0.8940954994616972
    },
    "sparse_features": {
      "accuracy": 0.8916666666666667,
      "f1_macro": 0.8910490546596181
    },
    "reconstruction_gap": -0.0033333333333332993,
    "feature_quality_gap": 0.0
  },
  "SST-2 (2-class)": {
    "raw_embeddings": {
      "accuracy": 0.9257142857142857,
      "f1_macro": 0.9249199696379657
    },
    "reconstructed": {
      "accuracy": 0.9142857142857143,
      "f1_macro": 0.9135631729724389
    },
    "sparse_features": {
      "accuracy": 0.9314285714285714,
      "f1_macro": 0.9306106264869152
    },
    "reconstruction_gap": 0.011428571428571455,
    "feature_quality_gap": -0.005714285714285672
  },
  "BANKING77 (77-class)": {
    "raw_embeddings": {
      "accuracy": 0.8716666666666667,
      "f1_macro": 0.8707335594281366
    },
    "reconstructed": {
      "accuracy": 0.8283333333333334,
      "f1_macro": 0.827332898717679
    },
    "sparse_features": {
      "accuracy": 0.8233333333333334,
      "f1_macro": 0.8170235105446971
    },
    "reconstruction_gap": 0.043333333333333335,
    "feature_quality_gap": 0.04833333333333334
  },
  "CLINC150 (150-class)": {
    "raw_embeddings": {
      "accuracy": 0.7890909090909091,
      "f1_macro": 0.8120424813820699
    },
    "reconstructed": {
      "accuracy": 0.6209090909090909,
      "f1_macro": 0.6367558373495957
    },
    "sparse_features": {
      "accuracy": 0.5054545454545455,
      "f1_macro": 0.5017134903719487
    },
    "reconstruction_gap": 0.1681818181818182,
    "feature_quality_gap": 0.2836363636363636
  },
  "STS-B (similarity)": {
    "raw_embeddings": {
      "spearman": 0.9044394501185922
    },
    "reconstructed": {
      "spearman": 0.8997779769835268
    },
    "sparse_features": {
      "spearman": 0.8972097960025914
    },
    "reconstruction_gap": 0.004661473135065375,
    "feature_quality_gap": 0.007229654116000739
  },
  "k-Sparse Probing": {
    "k=1": {
      "accuracy": 0.18727272727272729,
      "f1_macro": 0.0021172286915321133
    },
    "k=5": {
      "accuracy": 0.19363636363636363,
      "f1_macro": 0.01648649543113408
    },
    "k=10": {
      "accuracy": 0.20454545454545456,
      "f1_macro": 0.03647339549464391
    },
    "k=20": {
      "accuracy": 0.26545454545454544,
      "f1_macro": 0.15209943875280535
    },
    "k=64": {
      "accuracy": 0.44545454545454544,
      "f1_macro": 0.4262540551043545
    }
  },
  "Feature Quality": {
    "mmcs": 0.30877265334129333,
    "utilization": 0.2080078125,
    "dead_features": 0.7919921875,
    "normalized_entropy": 0.7661229134640232,
    "mean_fire_rate": 0.0416666679084301,
    "median_fire_rate": 0.0,
    "max_fire_rate": 1.0,
    "active_features": 639,
    "total_features": 3072
  }
}