{
  "AG News (4-class)": {
    "raw_embeddings": {
      "accuracy": 0.8916666666666667,
      "f1_macro": 0.8909184002407555
    },
    "reconstructed": {
      "accuracy": 0.8866666666666667,
      "f1_macro": 0.8856897785965392
    },
    "sparse_features": {
      "accuracy": 0.8833333333333333,
      "f1_macro": 0.8824119716518841
    },
    "reconstruction_gap": 0.0050000000000000044,
    "feature_quality_gap": 0.008333333333333415
  },
  "SST-2 (2-class)": {
    "raw_embeddings": {
      "accuracy": 0.9257142857142857,
      "f1_macro": 0.9249199696379657
    },
    "reconstructed": {
      "accuracy": 0.9142857142857143,
      "f1_macro": 0.9135631729724389
    },
    "sparse_features": {
      "accuracy": 0.9085714285714286,
      "f1_macro": 0.9077004219409283
    },
    "reconstruction_gap": 0.011428571428571455,
    "feature_quality_gap": 0.017142857142857126
  },
  "BANKING77 (77-class)": {
    "raw_embeddings": {
      "accuracy": 0.8716666666666667,
      "f1_macro": 0.8707335594281366
    },
    "reconstructed": {
      "accuracy": 0.83,
      "f1_macro": 0.8256545647000393
    },
    "sparse_features": {
      "accuracy": 0.8383333333333334,
      "f1_macro": 0.8345737158942429
    },
    "reconstruction_gap": 0.04166666666666674,
    "feature_quality_gap": 0.033333333333333326
  },
  "CLINC150 (150-class)": {
    "raw_embeddings": {
      "accuracy": 0.7890909090909091,
      "f1_macro": 0.8120424813820699
    },
    "reconstructed": {
      "accuracy": 0.6072727272727273,
      "f1_macro": 0.6131035356573068
    },
    "sparse_features": {
      "accuracy": 0.5045454545454545,
      "f1_macro": 0.4955979778980663
    },
    "reconstruction_gap": 0.18181818181818177,
    "feature_quality_gap": 0.28454545454545455
  },
  "STS-B (similarity)": {
    "raw_embeddings": {
      "spearman": 0.9044394501185922
    },
    "reconstructed": {
      "spearman": 0.9020305292781685
    },
    "sparse_features": {
      "spearman": 0.8973534860176342
    },
    "reconstruction_gap": 0.002408920840423656,
    "feature_quality_gap": 0.007085964100957964
  },
  "SciFact Retrieval": {
    "raw_embeddings": {
      "ndcg@10": 0.6107342731660894,
      "n_queries": 300
    },
    "reconstructed": {
      "ndcg@10": 0.5819378075993997,
      "n_queries": 300
    },
    "sparse_features": {
      "ndcg@10": 0.5806653803220151,
      "n_queries": 300
    },
    "reconstruction_gap": 0.02879646556668969,
    "feature_quality_gap": 0.030068892844074324
  },
  "k-Sparse Probing": {
    "k=1": {
      "accuracy": 0.18727272727272729,
      "f1_macro": 0.0021172286915321133
    },
    "k=5": {
      "accuracy": 0.19545454545454546,
      "f1_macro": 0.019085136243000265
    },
    "k=10": {
      "accuracy": 0.2109090909090909,
      "f1_macro": 0.047762092129377716
    },
    "k=20": {
      "accuracy": 0.2909090909090909,
      "f1_macro": 0.18584367127069393
    },
    "k=64": {
      "accuracy": 0.4581818181818182,
      "f1_macro": 0.4430474308984947
    }
  },
  "Feature Quality": {
    "mmcs": 0.14472852647304535,
    "utilization": 0.1923828125,
    "dead_features": 0.8076171875,
    "normalized_entropy": 0.7580532861907207,
    "mean_fire_rate": 0.0416666641831398,
    "median_fire_rate": 0.0,
    "max_fire_rate": 1.0,
    "active_features": 591,
    "total_features": 3072
  }
}